<?xml version="1.0" encoding="UTF-8"?>

<mule xmlns:context="http://www.springframework.org/schema/context"
	xmlns:http="http://www.mulesoft.org/schema/mule/http" xmlns="http://www.mulesoft.org/schema/mule/core" xmlns:doc="http://www.mulesoft.org/schema/mule/documentation"
	xmlns:spring="http://www.springframework.org/schema/beans" 
	xmlns:xsi="http://www.w3.org/2001/XMLSchema-instance"
	xsi:schemaLocation="http://www.springframework.org/schema/context http://www.springframework.org/schema/context/spring-context-current.xsd
http://www.springframework.org/schema/beans http://www.springframework.org/schema/beans/spring-beans-current.xsd
http://www.mulesoft.org/schema/mule/core http://www.mulesoft.org/schema/mule/core/current/mule.xsd
http://www.mulesoft.org/schema/mule/http http://www.mulesoft.org/schema/mule/http/current/mule-http.xsd">

	<spring:beans>         
		<context:property-placeholder location="classpath:config.properties" />
	</spring:beans>
	
    <flow name="melloriamuleFlow">
        <http:listener config-ref="melloriaRaml-httpListenerConfig" path="/" doc:name="HTTP" />
        <set-session-variable variableName="melloria.url" value="${melloria.url}" doc:name="database path"/>
        <set-payload doc:name="Set Payload" value="testing"/>
    </flow>
</mule>
